Feature,Importance
Frequency,0.30353832737594716
UniqueProducts,0.27687211607671786
AvgOrderValue,0.13931650533010098
CustomerLifetime,0.10740769435653226
AvgQuantity,0.08674734428309301
Recency,0.04553700265380556
Cluster,0.04058100992380303
